{
  "graph_file": "OIM_Experiment/data/3node.txt",
  "n_nodes": 3,
  "mu": 1.4517241379310346,
  "Ks_equiv": 0.7258620689655173,
  "mu_bin": 0.9999999999999999,
  "Ks_bin": 0.49999999999999994,
  "W_total": 3.0,
  "binarised": true,
  "easiest_eq": "[0, 1, 1]",
  "hardest_eq": "[0, 0, 0]",
  "seed": 42,
  "n_init": 12,
  "t_span": [
    0.0,
    60.0
  ],
  "n_points": 500,
  "best_cut": 2.0,
  "mean_cut": 2.0,
  "std_cut": 0.0,
  "min_H": -1.0,
  "mean_H": -1.0,
  "H_per_IC": [
    -1.0,
    -1.0,
    -1.0,
    -1.0,
    -1.0,
    -1.0,
    -1.0,
    -1.0,
    -1.0,
    -1.0,
    -1.0,
    -1.0
  ],
  "mu_range": [
    0.1,
    5.0
  ],
  "per_eq_thresholds": {
    "[0, 0, 0]": 3.0,
    "[0, 0, 1]": 1.0,
    "[0, 1, 0]": 1.0,
    "[0, 1, 1]": 0.9999999999999999,
    "[1, 0, 0]": 0.9999999999999999,
    "[1, 0, 1]": 1.0,
    "[1, 1, 0]": 1.0,
    "[1, 1, 1]": 3.0
  }
}