{
  "graph_file": "OIM_Experiment/data/3node.txt",
  "n_nodes": 3,
  "mu": 1.3586206896551725,
  "Ks_equiv": 0.6793103448275862,
  "mu_star": 0.9999999999999999,
  "binarised": true,
  "seed": 42,
  "n_init": 12,
  "t_span": [
    0.0,
    60.0
  ],
  "n_points": 500,
  "best_cut": 2.0,
  "mean_cut": 2.0,
  "std_cut": 0.0,
  "n_binarised": 12,
  "mu_range": [
    0.2,
    5.0
  ],
  "all_mu_thresholds": {
    "[0, 0, 0]": 3.0,
    "[0, 0, 1]": 1.0,
    "[0, 1, 0]": 1.0,
    "[0, 1, 1]": 0.9999999999999999,
    "[1, 0, 0]": 0.9999999999999999,
    "[1, 0, 1]": 1.0,
    "[1, 1, 0]": 1.0,
    "[1, 1, 1]": 3.0
  }
}