{
  "graph_file": "OIM_Experiment/data/3node.txt",
  "n_nodes": 3,
  "mu": 0.5310344827586206,
  "Ks_equiv": 0.2655172413793103,
  "mu_star": 0.9999999999999999,
  "binarised": false,
  "seed": 42,
  "n_init": 12,
  "t_span": [
    0.0,
    60.0
  ],
  "n_points": 500,
  "best_cut": 2.0,
  "mean_cut": 2.0,
  "std_cut": 0.0,
  "n_binarised": 0,
  "mu_range": [
    0.2,
    5.0
  ],
  "all_mu_thresholds": {
    "[0, 0, 0]": 3.0,
    "[0, 0, 1]": 1.0,
    "[0, 1, 0]": 1.0,
    "[0, 1, 1]": 0.9999999999999999,
    "[1, 0, 0]": 0.9999999999999999,
    "[1, 0, 1]": 1.0,
    "[1, 1, 0]": 1.0,
    "[1, 1, 1]": 3.0
  }
}