{
  "graph_file": "OIM_Experiment/data/8node.txt",
  "n_nodes": 8,
  "mu": 1.4363636363636367,
  "Ks_equiv": 0.7181818181818184,
  "mu_bin": 1.236067977499789,
  "Ks_bin": 0.6180339887498945,
  "W_total": 12.0,
  "binarised": true,
  "easiest_eq": "[0, 1, 0, 1, 1, 0, 1, 0]",
  "hardest_eq": "[0, 0, 0, 0, 0, 0, 0, 0]",
  "seed": 42,
  "n_init": 12,
  "t_span": [
    0.0,
    60.0
  ],
  "n_points": 500,
  "best_cut": 10.0,
  "mean_cut": 10.0,
  "std_cut": 0.0,
  "min_H": -8.0,
  "mean_H": -8.0,
  "H_per_IC": [
    -8.0,
    -8.0,
    -8.0,
    -8.0,
    -8.0,
    -8.0,
    -8.0,
    -8.0,
    -8.0,
    -8.0,
    -8.0,
    -8.0
  ],
  "mu_range": [
    0.1,
    5.0
  ],
  "per_eq_thresholds": {
    "[0, 0, 0, 0, 0, 0, 0, 0]": 5.414213562373096,
    "[0, 0, 0, 0, 0, 0, 0, 1]": 5.086130197651492,
    "[0, 0, 0, 0, 0, 0, 1, 0]": 5.086130197651492,
    "[0, 0, 0, 0, 0, 0, 1, 1]": 4.479518188265935,
    "[0, 0, 0, 0, 0, 1, 0, 0]": 5.086130197651493,
    "[0, 0, 0, 0, 0, 1, 0, 1]": 3.999999999999999,
    "[0, 0, 0, 0, 0, 1, 1, 0]": 4.479518188265935,
    "[0, 0, 0, 0, 0, 1, 1, 1]": 3.126552153866698,
    "[0, 0, 0, 0, 1, 0, 0, 0]": 5.086130197651492,
    "[0, 0, 0, 0, 1, 0, 0, 1]": 4.586405806258379,
    "[0, 0, 0, 0, 1, 0, 1, 0]": 3.9999999999999987,
    "[0, 0, 0, 0, 1, 0, 1, 1]": 3.8809180082223507,
    "[0, 0, 0, 0, 1, 1, 0, 0]": 4.479518188265937,
    "[0, 0, 0, 0, 1, 1, 0, 1]": 3.8809180082223467,
    "[0, 0, 0, 0, 1, 1, 1, 0]": 3.1265521538666974,
    "[0, 0, 0, 0, 1, 1, 1, 1]": 3.2360679774997894,
    "[0, 0, 0, 1, 0, 0, 0, 0]": 5.086130197651494,
    "[0, 0, 0, 1, 0, 0, 0, 1]": 4.732050807568875,
    "[0, 0, 0, 1, 0, 0, 1, 0]": 4.586405806258378,
    "[0, 0, 0, 1, 0, 0, 1, 1]": 4.1192230319464365,
    "[0, 0, 0, 1, 0, 1, 0, 0]": 3.9999999999999987,
    "[0, 0, 0, 1, 0, 1, 0, 1]": 2.77575756382786,
    "[0, 0, 0, 1, 0, 1, 1, 0]": 3.8809180082223502,
    "[0, 0, 0, 1, 0, 1, 1, 1]": 2.9032119259115543,
    "[0, 0, 0, 1, 1, 0, 0, 0]": 4.479518188265937,
    "[0, 0, 0, 1, 1, 0, 0, 1]": 4.1192230319464365,
    "[0, 0, 0, 1, 1, 0, 1, 0]": 3.8809180082223507,
    "[0, 0, 0, 1, 1, 0, 1, 1]": 3.7313283270504454,
    "[0, 0, 0, 1, 1, 1, 0, 0]": 3.1265521538666965,
    "[0, 0, 0, 1, 1, 1, 0, 1]": 2.903211925911552,
    "[0, 0, 0, 1, 1, 1, 1, 0]": 3.23606797749979,
    "[0, 0, 0, 1, 1, 1, 1, 1]": 3.1265521538666956,
    "[0, 0, 1, 0, 0, 0, 0, 0]": 5.086130197651493,
    "[0, 0, 1, 0, 0, 0, 0, 1]": 4.586405806258377,
    "[0, 0, 1, 0, 0, 0, 1, 0]": 4.732050807568877,
    "[0, 0, 1, 0, 0, 0, 1, 1]": 4.1192230319464365,
    "[0, 0, 1, 0, 0, 1, 0, 0]": 4.586405806258382,
    "[0, 0, 1, 0, 0, 1, 0, 1]": 2.5868745120184267,
    "[0, 0, 1, 0, 0, 1, 1, 0]": 4.119223031946433,
    "[0, 0, 1, 0, 0, 1, 1, 1]": 3.731328327050443,
    "[0, 0, 1, 0, 1, 0, 0, 0]": 3.999999999999998,
    "[0, 0, 1, 0, 1, 0, 0, 1]": 2.586874512018426,
    "[0, 0, 1, 0, 1, 0, 1, 0]": 2.7757575638278587,
    "[0, 0, 1, 0, 1, 0, 1, 1]": 2.4795181882659385,
    "[0, 0, 1, 0, 1, 1, 0, 0]": 3.880918008222351,
    "[0, 0, 1, 0, 1, 1, 0, 1]": 1.2360679774997898,
    "[0, 0, 1, 0, 1, 1, 1, 0]": 2.903211925911553,
    "[0, 0, 1, 0, 1, 1, 1, 1]": 3.88091800822235,
    "[0, 0, 1, 1, 0, 0, 0, 0]": 4.479518188265937,
    "[0, 0, 1, 1, 0, 0, 0, 1]": 4.119223031946438,
    "[0, 0, 1, 1, 0, 0, 1, 0]": 4.119223031946435,
    "[0, 0, 1, 1, 0, 0, 1, 1]": 3.4142135623730967,
    "[0, 0, 1, 1, 0, 1, 0, 0]": 3.8809180082223493,
    "[0, 0, 1, 1, 0, 1, 0, 1]": 2.479518188265936,
    "[0, 0, 1, 1, 0, 1, 1, 0]": 3.731328327050445,
    "[0, 0, 1, 1, 0, 1, 1, 1]": 4.119223031946436,
    "[0, 0, 1, 1, 1, 0, 0, 0]": 3.126552153866696,
    "[0, 0, 1, 1, 1, 0, 0, 1]": 3.7313283270504423,
    "[0, 0, 1, 1, 1, 0, 1, 0]": 2.903211925911554,
    "[0, 0, 1, 1, 1, 0, 1, 1]": 4.119223031946432,
    "[0, 0, 1, 1, 1, 1, 0, 0]": 3.23606797749979,
    "[0, 0, 1, 1, 1, 1, 0, 1]": 3.8809180082223493,
    "[0, 0, 1, 1, 1, 1, 1, 0]": 3.126552153866694,
    "[0, 0, 1, 1, 1, 1, 1, 1]": 4.479518188265938,
    "[0, 1, 0, 0, 0, 0, 0, 0]": 5.086130197651494,
    "[0, 1, 0, 0, 0, 0, 0, 1]": 4.000000000000001,
    "[0, 1, 0, 0, 0, 0, 1, 0]": 4.586405806258378,
    "[0, 1, 0, 0, 0, 0, 1, 1]": 3.8809180082223493,
    "[0, 1, 0, 0, 0, 1, 0, 0]": 4.7320508075688785,
    "[0, 1, 0, 0, 0, 1, 0, 1]": 2.77575756382786,
    "[0, 1, 0, 0, 0, 1, 1, 0]": 4.119223031946438,
    "[0, 1, 0, 0, 0, 1, 1, 1]": 2.9032119259115534,
    "[0, 1, 0, 0, 1, 0, 0, 0]": 4.586405806258382,
    "[0, 1, 0, 0, 1, 0, 0, 1]": 2.5868745120184267,
    "[0, 1, 0, 0, 1, 0, 1, 0]": 2.5868745120184276,
    "[0, 1, 0, 0, 1, 0, 1, 1]": 1.2360679774997914,
    "[0, 1, 0, 0, 1, 1, 0, 0]": 4.1192230319464365,
    "[0, 1, 0, 0, 1, 1, 0, 1]": 2.479518188265935,
    "[0, 1, 0, 0, 1, 1, 1, 0]": 3.7313283270504436,
    "[0, 1, 0, 0, 1, 1, 1, 1]": 3.8809180082223502,
    "[0, 1, 0, 1, 0, 0, 0, 0]": 3.999999999999999,
    "[0, 1, 0, 1, 0, 0, 0, 1]": 2.775757563827859,
    "[0, 1, 0, 1, 0, 0, 1, 0]": 2.5868745120184267,
    "[0, 1, 0, 1, 0, 0, 1, 1]": 2.4795181882659354,
    "[0, 1, 0, 1, 0, 1, 0, 0]": 2.775757563827859,
    "[0, 1, 0, 1, 0, 1, 0, 1]": 1.4142135623730954,
    "[0, 1, 0, 1, 0, 1, 1, 0]": 2.479518188265935,
    "[0, 1, 0, 1, 0, 1, 1, 1]": 2.77575756382786,
    "[0, 1, 0, 1, 1, 0, 0, 0]": 3.88091800822235,
    "[0, 1, 0, 1, 1, 0, 0, 1]": 2.479518188265937,
    "[0, 1, 0, 1, 1, 0, 1, 0]": 1.236067977499789,
    "[0, 1, 0, 1, 1, 0, 1, 1]": 2.5868745120184258,
    "[0, 1, 0, 1, 1, 1, 0, 0]": 2.903211925911554,
    "[0, 1, 0, 1, 1, 1, 0, 1]": 2.775757563827858,
    "[0, 1, 0, 1, 1, 1, 1, 0]": 3.8809180082223476,
    "[0, 1, 0, 1, 1, 1, 1, 1]": 4.000000000000001,
    "[0, 1, 1, 0, 0, 0, 0, 0]": 4.479518188265935,
    "[0, 1, 1, 0, 0, 0, 0, 1]": 3.8809180082223502,
    "[0, 1, 1, 0, 0, 0, 1, 0]": 4.119223031946434,
    "[0, 1, 1, 0, 0, 0, 1, 1]": 3.731328327050443,
    "[0, 1, 1, 0, 0, 1, 0, 0]": 4.119223031946435,
    "[0, 1, 1, 0, 0, 1, 0, 1]": 2.4795181882659354,
    "[0, 1, 1, 0, 0, 1, 1, 0]": 3.4142135623730967,
    "[0, 1, 1, 0, 0, 1, 1, 1]": 4.119223031946435,
    "[0, 1, 1, 0, 1, 0, 0, 0]": 3.880918008222348,
    "[0, 1, 1, 0, 1, 0, 0, 1]": 1.2360679774997916,
    "[0, 1, 1, 0, 1, 0, 1, 0]": 2.4795181882659363,
    "[0, 1, 1, 0, 1, 0, 1, 1]": 2.5868745120184267,
    "[0, 1, 1, 0, 1, 1, 0, 0]": 3.731328327050446,
    "[0, 1, 1, 0, 1, 1, 0, 1]": 2.5868745120184267,
    "[0, 1, 1, 0, 1, 1, 1, 0]": 4.119223031946435,
    "[0, 1, 1, 0, 1, 1, 1, 1]": 4.586405806258378,
    "[0, 1, 1, 1, 0, 0, 0, 0]": 3.1265521538666947,
    "[0, 1, 1, 1, 0, 0, 0, 1]": 2.9032119259115525,
    "[0, 1, 1, 1, 0, 0, 1, 0]": 3.731328327050443,
    "[0, 1, 1, 1, 0, 0, 1, 1]": 4.119223031946435,
    "[0, 1, 1, 1, 0, 1, 0, 0]": 2.903211925911554,
    "[0, 1, 1, 1, 0, 1, 0, 1]": 2.775757563827859,
    "[0, 1, 1, 1, 0, 1, 1, 0]": 4.119223031946433,
    "[0, 1, 1, 1, 0, 1, 1, 1]": 4.732050807568876,
    "[0, 1, 1, 1, 1, 0, 0, 0]": 3.2360679774997942,
    "[0, 1, 1, 1, 1, 0, 0, 1]": 3.8809180082223493,
    "[0, 1, 1, 1, 1, 0, 1, 0]": 3.8809180082223516,
    "[0, 1, 1, 1, 1, 0, 1, 1]": 4.586405806258375,
    "[0, 1, 1, 1, 1, 1, 0, 0]": 3.126552153866696,
    "[0, 1, 1, 1, 1, 1, 0, 1]": 3.999999999999999,
    "[0, 1, 1, 1, 1, 1, 1, 0]": 4.479518188265935,
    "[0, 1, 1, 1, 1, 1, 1, 1]": 5.086130197651496,
    "[1, 0, 0, 0, 0, 0, 0, 0]": 5.086130197651496,
    "[1, 0, 0, 0, 0, 0, 0, 1]": 4.479518188265935,
    "[1, 0, 0, 0, 0, 0, 1, 0]": 3.999999999999999,
    "[1, 0, 0, 0, 0, 0, 1, 1]": 3.126552153866696,
    "[1, 0, 0, 0, 0, 1, 0, 0]": 4.586405806258375,
    "[1, 0, 0, 0, 0, 1, 0, 1]": 3.8809180082223516,
    "[1, 0, 0, 0, 0, 1, 1, 0]": 3.8809180082223493,
    "[1, 0, 0, 0, 0, 1, 1, 1]": 3.2360679774997942,
    "[1, 0, 0, 0, 1, 0, 0, 0]": 4.732050807568876,
    "[1, 0, 0, 0, 1, 0, 0, 1]": 4.119223031946433,
    "[1, 0, 0, 0, 1, 0, 1, 0]": 2.775757563827859,
    "[1, 0, 0, 0, 1, 0, 1, 1]": 2.903211925911554,
    "[1, 0, 0, 0, 1, 1, 0, 0]": 4.119223031946435,
    "[1, 0, 0, 0, 1, 1, 0, 1]": 3.731328327050443,